strike,call_gex,put_gex,net_gex
5.5,480816.39839999995,980051.1669,-499234.7685
6.0,5245552.4084600005,4767455.732,478096.6764600007
6.5,4616294.637499999,1302998.6689199999,3313295.968579999
