strike,call_gex,put_gex,net_gex
5.0,39024.25,41398.272000000004,-2374.0220000000045
6.0,25974.99,64078.37999999999,-38103.389999999985
