strike,call_gex,put_gex,net_gex
5.5,91176.1305,587361.8204999999,-496185.68999999994
6.0,1015221.48,2584420.6635000003,-1569199.1835000003
6.5,1862797.5795,1308985.509,553812.0704999999
