strike,call_gex,put_gex,net_gex
3.0,96317.19000000002,583205.5200000001,-486888.33000000013
3.5,264760.215,1128547.33,-863787.115
