strike,call_gex,put_gex,net_gex
3.0,139360.40495999999,157051.4946,-17691.08964000002
3.5,784306.31748,744506.9074799999,39799.41000000003
