strike,call_gex,put_gex,net_gex
3.5,993953.6208599999,1039268.8823399999,-45315.26147999999
4.0,1032846.8964000001,277087.12122,755759.7751800001
