strike,gamma,oi,underlying,GEX
1,0.0,2,3.485,0.0
1,0.024,0,3.485,0.0
2,0.089,11,3.485,341.18149999999997
2,0.098,81,3.485,2766.393
3,0.273,812,3.485,77254.08600000001
3,0.286,1756,3.485,175022.27599999998
4,0.328,1190,3.485,136026.52
4,0.311,3997,3.485,433208.84949999995
5,0.0,473,3.485,0.0
5,0.22,9400,3.485,720698.0
6,0.149,2752,3.485,142901.728
6,0.0,113,3.485,0.0
7,0.126,0,3.485,0.0
7,0.112,1093,3.485,42661.976
8,0.077,124,3.485,3327.4779999999996
8,0.0,1,3.485,0.0
